sample_id	phylum	Surface	rela
CAR1_ita_i	Acidobacteriota	carcass	1.06063796307229e-4
CAR1_ita_i	Actinomycetota	carcass	0.1684485010323543
CAR1_ita_i	Aquificota	carcass	1.980979899283166e-5
CAR1_ita_i	Armatimonadota	carcass	6.453617235625045e-6
CAR1_ita_i	Atribacterota	carcass	1.9080259653152308e-6
CAR1_ita_i	Bacillota	carcass	0.14210651902885518
CAR1_ita_i	Bacteroidota	carcass	0.1525956672995327
CAR1_ita_i	Balneolota	carcass	1.3861247453907705e-5
CAR1_ita_i	Bdellovibrionota	carcass	4.8390905585038923e-4
CAR1_ita_i	Caldisericota	carcass	4.60170968105438e-6
CAR1_ita_i	Calditrichota	carcass	5.780196306690257e-6
CAR1_ita_i	Campylobacterota	carcass	0.08206896683312134
CAR1_ita_i	Candidatus Absconditibacteriota	carcass	1.4029602686141402e-6
CAR1_ita_i	Candidatus Bipolaricaulota	carcass	3.9282887521195925e-7
CAR1_ita_i	Candidatus Cloacimonadota	carcass	4.60170968105438e-6
CAR1_ita_i	Candidatus Fervidibacterota	carcass	6.734209289347872e-7
CAR1_ita_i	Candidatus Omnitrophota	carcass	2.020262786804362e-6
CAR1_ita_i	Candidatus Saccharibacteria	carcass	1.447293813102347e-4
CAR1_ita_i	Chlamydiota	carcass	4.5512031113842704e-5
CAR1_ita_i	Chlorobiota	carcass	5.3873674314782984e-5
CAR1_ita_i	Chloroflexota	carcass	1.259858321215498e-4
CAR1_ita_i	Chrysiogenota	carcass	8.978945719130497e-6
CAR1_ita_i	Coprothermobacterota	carcass	2.974275769461977e-6
CAR1_ita_i	Cyanobacteriota	carcass	4.754351758279598e-4
CAR1_ita_i	Deferribacterota	carcass	2.4579863906119737e-5
CAR1_ita_i	Deinococcota	carcass	0.0021505136181424987
CAR1_ita_i	Dictyoglomota	carcass	4.545591270309814e-6
CAR1_ita_i	Elusimicrobiota	carcass	6.173025181902216e-6
CAR1_ita_i	Fibrobacterota	carcass	5.8924331281793885e-6
CAR1_ita_i	Fusobacteriota	carcass	0.0013314654133255637
CAR1_ita_i	Gemmatimonadota	carcass	1.902414124240774e-5
CAR1_ita_i	Ignavibacteriota	carcass	3.266091505333718e-5
CAR1_ita_i	Kiritimatiellota	carcass	5.387367431478298e-6
CAR1_ita_i	Lentisphaerota	carcass	2.8059205372282804e-6
CAR1_ita_i	Mycoplasmatota	carcass	4.5382958769130203e-4
CAR1_ita_i	Myxococcota	carcass	5.098357616143785e-4
CAR1_ita_i	Nitrospinota	carcass	4.152762395097855e-6
CAR1_ita_i	Nitrospirota	carcass	2.9237691997918682e-5
CAR1_ita_i	Planctomycetota	carcass	2.2671837940804504e-4
CAR1_ita_i	Pseudomonadota	carcass	0.4430707343385862
CAR1_ita_i	Rhodothermota	carcass	1.5151970901032713e-5
CAR1_ita_i	Spirochaetota	carcass	4.041086757716169e-4
CAR1_ita_i	Synergistota	carcass	8.978945719130497e-5
CAR1_ita_i	Thermodesulfobacteriota	carcass	0.0027117538439988993
CAR1_ita_i	Thermodesulfobiota	carcass	3.535459876907633e-6
CAR1_ita_i	Thermomicrobiota	carcass	5.443485842222864e-6
CAR1_ita_i	Thermosulfidibacterota	carcass	1.9641443760597963e-6
CAR1_ita_i	Thermotogota	carcass	3.4944934370641e-4
CAR1_ita_i	Unknown	carcass	0.0016876489663213215
CAR1_ita_i	Verrucomicrobiota	carcass	1.223942538338976e-4
CAR1_ita_i	Vulcanimicrobiota	carcass	2.581446894250018e-6
CAR2_ita_i	Acidobacteriota	carcass	1.056002728711051e-4
CAR2_ita_i	Actinomycetota	carcass	0.192713369971348
CAR2_ita_i	Aquificota	carcass	1.3728035473243663e-5
CAR2_ita_i	Armatimonadota	carcass	7.392019100977357e-6
CAR2_ita_i	Atribacterota	carcass	7.920020465332882e-7
CAR2_ita_i	Bacillota	carcass	0.20434312802264282
CAR2_ita_i	Bacteroidota	carcass	0.07116798389807039
CAR2_ita_i	Balneolota	carcass	3.4320088683109156e-6
CAR2_ita_i	Bdellovibrionota	carcass	1.2856833222057046e-4
CAR2_ita_i	Caldisericota	carcass	7.920020465332882e-7
CAR2_ita_i	Calditrichota	carcass	3.6960095504886783e-6
CAR2_ita_i	Campylobacterota	carcass	0.006667337228399398
CAR2_ita_i	Candidatus Absconditibacteriota	carcass	5.280013643555255e-7
CAR2_ita_i	Candidatus Bipolaricaulota	carcass	1.056002728711051e-6
CAR2_ita_i	Candidatus Cloacimonadota	carcass	2.6400068217776275e-7
CAR2_ita_i	Candidatus Fervidibacterota	carcass	7.920020465332882e-7
CAR2_ita_i	Candidatus Omnitrophota	carcass	5.280013643555255e-7
CAR2_ita_i	Candidatus Saccharibacteria	carcass	1.224963165304819e-4
CAR2_ita_i	Chlamydiota	carcass	2.69280695821318e-5
CAR2_ita_i	Chlorobiota	carcass	1.927204979897668e-5
CAR2_ita_i	Chloroflexota	carcass	4.620011938110848e-5
CAR2_ita_i	Chrysiogenota	carcass	5.2800136435552546e-6
CAR2_ita_i	Coprothermobacterota	carcass	3.960010232666441e-6
CAR2_ita_i	Cyanobacteriota	carcass	3.690729536845123e-4
CAR2_ita_i	Deferribacterota	carcass	1.716004434155458e-5
CAR2_ita_i	Deinococcota	carcass	0.0043375312081806415
CAR2_ita_i	Dictyoglomota	carcass	1.8480047752443391e-6
CAR2_ita_i	Elusimicrobiota	carcass	2.112005457422102e-6
CAR2_ita_i	Fibrobacterota	carcass	7.920020465332883e-6
CAR2_ita_i	Fusobacteriota	carcass	4.712412176873065e-4
CAR2_ita_i	Gemmatimonadota	carcass	2.1648055938576545e-5
CAR2_ita_i	Ignavibacteriota	carcass	2.032805252768773e-5
CAR2_ita_i	Kiritimatiellota	carcass	2.90400750395539e-6
CAR2_ita_i	Lentisphaerota	carcass	2.112005457422102e-6
CAR2_ita_i	Mycoplasmatota	carcass	1.9852851299767758e-4
CAR2_ita_i	Myxococcota	carcass	2.529126535262967e-4
CAR2_ita_i	Nitrospinota	carcass	3.960010232666441e-6
CAR2_ita_i	Nitrospirota	carcass	5.227213507119702e-5
CAR2_ita_i	Planctomycetota	carcass	5.488574182475688e-4
CAR2_ita_i	Pseudomonadota	carcass	0.5156345163995903
CAR2_ita_i	Rhodothermota	carcass	2.1648055938576545e-5
CAR2_ita_i	Spirochaetota	carcass	2.6400068217776276e-4
CAR2_ita_i	Synergistota	carcass	8.685622443648395e-5
CAR2_ita_i	Thermodesulfobacteriota	carcass	7.970180594946657e-4
CAR2_ita_i	Thermodesulfobiota	carcass	2.3760061395998646e-6
CAR2_ita_i	Thermomicrobiota	carcass	8.448021829688408e-6
CAR2_ita_i	Thermosulfidibacterota	carcass	0
CAR2_ita_i	Thermotogota	carcass	5.757854878297006e-4
CAR2_ita_i	Unknown	carcass	6.312256310870307e-4
CAR2_ita_i	Verrucomicrobiota	carcass	2.8168872788367287e-4
CAR2_ita_i	Vulcanimicrobiota	carcass	2.9040075039553903e-6
CAR3_ita_i	Acidobacteriota	carcass	1.1683274006396383e-4
CAR3_ita_i	Actinomycetota	carcass	0.1922184351977541
CAR3_ita_i	Aquificota	carcass	2.0172559435504543e-5
CAR3_ita_i	Armatimonadota	carcass	1.0086279717752271e-5
CAR3_ita_i	Atribacterota	carcass	3.3620932392507574e-6
CAR3_ita_i	Bacillota	carcass	0.25768343370582525
CAR3_ita_i	Bacteroidota	carcass	0.06691994435735689
CAR3_ita_i	Balneolota	carcass	5.0431398588761366e-06
CAR3_ita_i	Bdellovibrionota	carcass	1.6306152210366175e-4
CAR3_ita_i	Caldisericota	carcass	2.5215699294380683e-6
CAR3_ita_i	Calditrichota	carcass	6.724186478501515e-6
CAR3_ita_i	Campylobacterota	carcass	0.006518258267597406
CAR3_ita_i	Candidatus Absconditibacteriota	carcass	1.6810466196253787e-6
CAR3_ita_i	Candidatus Bipolaricaulota	carcass	8.405233098126894e-7
CAR3_ita_i	Candidatus Cloacimonadota	carcass	2.5215699294380683e-6
CAR3_ita_i	Candidatus Fervidibacterota	carcass	8.405233098126894e-7
CAR3_ita_i	Candidatus Omnitrophota	carcass	8.405233098126894e-7
CAR3_ita_i	Candidatus Saccharibacteria	carcass	5.379349182801212e-5
CAR3_ita_i	Chlamydiota	carcass	3.6983025631758334e-5
CAR3_ita_i	Chlorobiota	carcass	2.773726922381875e-5
CAR3_ita_i	Chloroflexota	carcass	5.715558506726288e-5
CAR3_ita_i	Chrysiogenota	carcass	7.5647097883142044e-6
CAR3_ita_i	Coprothermobacterota	carcass	5.0431398588761366e-06
CAR3_ita_i	Cyanobacteriota	carcass	5.085166024366771e-4
CAR3_ita_i	Deferribacterota	carcass	2.4375175984567992e-5
CAR3_ita_i	Deinococcota	carcass	0.003125065665883579
CAR3_ita_i	Dictyoglomota	carcass	1.6810466196253787e-6
CAR3_ita_i	Elusimicrobiota	carcass	5.883663168688825e-6
CAR3_ita_i	Fibrobacterota	carcass	2.1853606055129925e-5
CAR3_ita_i	Fusobacteriota	carcass	3.967270022315894e-4
CAR3_ita_i	Gemmatimonadota	carcass	1.8491512815879167e-5
CAR3_ita_i	Ignavibacteriota	carcass	2.35346526747553e-5
CAR3_ita_i	Kiritimatiellota	carcass	2.521569929438068e-6
CAR3_ita_i	Lentisphaerota	carcass	3.3620932392507574e-6
CAR3_ita_i	Mycoplasmatota	carcass	6.917506839758434e-4
CAR3_ita_i	Myxococcota	carcass	2.7485112230874945e-4
CAR3_ita_i	Nitrospinota	carcass	7.5647097883142044e-6
CAR3_ita_i	Nitrospirota	carcass	1.5969942886441097e-5
CAR3_ita_i	Planctomycetota	carcass	6.455219019361455e-4
CAR3_ita_i	Pseudomonadota	carcass	0.46541961024934125
CAR3_ita_i	Rhodothermota	carcass	1.6810466196253788e-5
CAR3_ita_i	Spirochaetota	carcass	0.0020391095496055845
CAR3_ita_i	Synergistota	carcass	7.228500464389129e-5
CAR3_ita_i	Thermodesulfobacteriota	carcass	8.52290636150067e-4
CAR3_ita_i	Thermodesulfobiota	carcass	4.202616549063447e-6
CAR3_ita_i	Thermomicrobiota	carcass	8.405233098126894e-6
CAR3_ita_i	Thermosulfidibacterota	carcass	2.5215699294380683e-6
CAR3_ita_i	Thermotogota	carcass	9.92658028888786e-4
CAR3_ita_i	Unknown	carcass	6.984748704543448e-4
CAR3_ita_i	Verrucomicrobiota	carcass	2.6308379597137177e-4
CAR3_ita_i	Vulcanimicrobiota	carcass	0
CAR4_ita_i	Acidobacteriota	carcass	1.163465027929189e-4
CAR4_ita_i	Actinomycetota	carcass	0.23803891639810518
CAR4_ita_i	Aquificota	carcass	1.9893443482727068e-5
CAR4_ita_i	Armatimonadota	carcass	1.145380079308528e-5
CAR4_ita_i	Atribacterota	carcass	6.02831620688699e-7
CAR4_ita_i	Bacillota	carcass	0.2515441531963941
CAR4_ita_i	Bacteroidota	carcass	0.06944499704009674
CAR4_ita_i	Balneolota	carcass	1.8084948620660969e-6
CAR4_ita_i	Bdellovibrionota	carcass	9.343890120674834e-5
CAR4_ita_i	Caldisericota	carcass	1.205663241377398e-6
CAR4_ita_i	Calditrichota	carcass	6.028316206886989e-6
CAR4_ita_i	Campylobacterota	carcass	0.009740553327087998
CAR4_ita_i	Candidatus Absconditibacteriota	carcass	0
CAR4_ita_i	Candidatus Bipolaricaulota	carcass	0
CAR4_ita_i	Candidatus Cloacimonadota	carcass	6.02831620688699e-7
CAR4_ita_i	Candidatus Fervidibacterota	carcass	6.02831620688699e-7
CAR4_ita_i	Candidatus Omnitrophota	carcass	1.8084948620660969e-6
CAR4_ita_i	Candidatus Saccharibacteria	carcass	3.134724427581234e-5
CAR4_ita_i	Chlamydiota	carcass	2.5318928068925357e-5
CAR4_ita_i	Chlorobiota	carcass	2.351043320685926e-5
CAR4_ita_i	Chloroflexota	carcass	4.581520317234112e-5
CAR4_ita_i	Chrysiogenota	carcass	4.219821344820893e-6
CAR4_ita_i	Coprothermobacterota	carcass	1.8084948620660969e-6
CAR4_ita_i	Cyanobacteriota	carcass	3.5627348782702107e-4
CAR4_ita_i	Deferribacterota	carcass	1.627645375859487e-5
CAR4_ita_i	Deinococcota	carcass	0.001271371888032466
CAR4_ita_i	Dictyoglomota	carcass	3.014158103443495e-6
CAR4_ita_i	Elusimicrobiota	carcass	4.219821344820893e-6
CAR4_ita_i	Fibrobacterota	carcass	2.7127422930991453e-5
CAR4_ita_i	Fusobacteriota	carcass	6.414128444127757e-4
CAR4_ita_i	Gemmatimonadota	carcass	1.3865127275840075e-5
CAR4_ita_i	Ignavibacteriota	carcass	3.616989724132194e-5
CAR4_ita_i	Kiritimatiellota	carcass	7.2339794482643875e-6
CAR4_ita_i	Lentisphaerota	carcass	1.8084948620660969e-6
CAR4_ita_i	Mycoplasmatota	carcass	2.7368555579266934e-4
CAR4_ita_i	Myxococcota	carcass	1.5553055813768434e-4
CAR4_ita_i	Nitrospinota	carcass	3.6169897241321937e-6
CAR4_ita_i	Nitrospirota	carcass	1.5070790517217475e-5
CAR4_ita_i	Planctomycetota	carcass	4.123368285510701e-4
CAR4_ita_i	Pseudomonadota	carcass	0.42483111672146406
CAR4_ita_i	Rhodothermota	carcass	9.645305931019184e-6
CAR4_ita_i	Spirochaetota	carcass	3.297488965167183e-4
CAR4_ita_i	Synergistota	carcass	1.0670119686189971e-4
CAR4_ita_i	Thermodesulfobacteriota	carcass	8.427586057228011e-4
CAR4_ita_i	Thermodesulfobiota	carcass	3.0141581034434946e-6
CAR4_ita_i	Thermomicrobiota	carcass	7.2339794482643875e-6
CAR4_ita_i	Thermosulfidibacterota	carcass	1.8084948620660969e-6
CAR4_ita_i	Thermotogota	carcass	7.963405709297713e-4
CAR4_ita_i	Unknown	carcass	4.810596333095818e-4
CAR4_ita_i	Verrucomicrobiota	carcass	1.9652310834451586e-4
CAR4_ita_i	Vulcanimicrobiota	carcass	6.02831620688699e-7
CD1_ita_i	Acidobacteriota	clean drain	7.598876296935866e-5
CD1_ita_i	Actinomycetota	clean drain	0.6016360587056535
CD1_ita_i	Aquificota	clean drain	3.227177094007331e-6
CD1_ita_i	Armatimonadota	clean drain	4.390461860451834e-6
CD1_ita_i	Atribacterota	clean drain	1.125759451397906e-6
CD1_ita_i	Bacillota	clean drain	0.008241759994314164
CD1_ita_i	Bacteroidota	clean drain	0.02983652809480936
CD1_ita_i	Balneolota	clean drain	2.5141961081219904e-6
CD1_ita_i	Bdellovibrionota	clean drain	1.463112033666812e-4
CD1_ita_i	Caldisericota	clean drain	1.501012601863875e-7
CD1_ita_i	Calditrichota	clean drain	3.752531504659687e-7
CD1_ita_i	Campylobacterota	clean drain	0.005508603672895281
CD1_ita_i	Candidatus Absconditibacteriota	clean drain	1.8762657523298436e-7
CD1_ita_i	Candidatus Bipolaricaulota	clean drain	1.1632847664445031e-6
CD1_ita_i	Candidatus Cloacimonadota	clean drain	1.0131835062581155e-6
CD1_ita_i	Candidatus Fervidibacterota	clean drain	1.5385379169104718e-6
CD1_ita_i	Candidatus Omnitrophota	clean drain	7.505063009319375e-7
CD1_ita_i	Candidatus Saccharibacteria	clean drain	2.704074202257771e-4
CD1_ita_i	Chlamydiota	clean drain	7.31743643408639e-6
CD1_ita_i	Chlorobiota	clean drain	1.0882341363513093e-5
CD1_ita_i	Chloroflexota	clean drain	4.0302188360045045e-5
CD1_ita_i	Chrysiogenota	clean drain	3.790056819706284e-6
CD1_ita_i	Coprothermobacterota	clean drain	1.0131835062581155e-6
CD1_ita_i	Cyanobacteriota	clean drain	1.305505710471105e-4
CD1_ita_i	Deferribacterota	clean drain	3.790056819706284e-6
CD1_ita_i	Deinococcota	clean drain	0.0180049838871926
CD1_ita_i	Dictyoglomota	clean drain	7.505063009319375e-7
CD1_ita_i	Elusimicrobiota	clean drain	1.2383353965376967e-6
CD1_ita_i	Fibrobacterota	clean drain	6.754556708387437e-7
CD1_ita_i	Fusobacteriota	clean drain	1.7242882263911264e-4
CD1_ita_i	Gemmatimonadota	clean drain	1.429714503275341e-5
CD1_ita_i	Ignavibacteriota	clean drain	2.8143986284947653e-6
CD1_ita_i	Kiritimatiellota	clean drain	5.816423832222515e-6
CD1_ita_i	Lentisphaerota	clean drain	7.129809858853406e-7
CD1_ita_i	Mycoplasmatota	clean drain	5.617539662475552e-5
CD1_ita_i	Myxococcota	clean drain	3.0661934924574306e-4
CD1_ita_i	Nitrospinota	clean drain	8.255569310251312e-7
CD1_ita_i	Nitrospirota	clean drain	1.0694714788280109e-5
CD1_ita_i	Planctomycetota	clean drain	1.7374220866574352e-4
CD1_ita_i	Pseudomonadota	clean drain	0.3243855220279791
CD1_ita_i	Rhodothermota	clean drain	1.6848866455921997e-5
CD1_ita_i	Spirochaetota	clean drain	5.748878265138641e-5
CD1_ita_i	Synergistota	clean drain	2.724337872382933e-5
CD1_ita_i	Thermodesulfobacteriota	clean drain	3.970178331929949e-4
CD1_ita_i	Thermodesulfobiota	clean drain	1.2383353965376967e-6
CD1_ita_i	Thermomicrobiota	clean drain	3.6774808745664937e-6
CD1_ita_i	Thermosulfidibacterota	clean drain	1.501012601863875e-7
CD1_ita_i	Thermotogota	clean drain	1.0882341363513093e-5
CD1_ita_i	Unknown	clean drain	0.010327041751453553
CD1_ita_i	Verrucomicrobiota	clean drain	8.769666126389689e-5
CD1_ita_i	Vulcanimicrobiota	clean drain	3.6774808745664933e-6
CD2_ita_i	Acidobacteriota	clean drain	9.380509229677111e-5
CD2_ita_i	Actinomycetota	clean drain	0.40230895088837626
CD2_ita_i	Aquificota	clean drain	3.0405788537574084e-6
CD2_ita_i	Armatimonadota	clean drain	4.819640949040998e-6
CD2_ita_i	Atribacterota	clean drain	1.1321304242713753e-6
CD2_ita_i	Bacillota	clean drain	0.012818692288438625
CD2_ita_i	Bacteroidota	clean drain	0.013276331752512666
CD2_ita_i	Balneolota	clean drain	2.134874514340308e-6
CD2_ita_i	Bdellovibrionota	clean drain	2.2629669852007264e-4
CD2_ita_i	Caldisericota	clean drain	6.469316710122145e-8
CD2_ita_i	Calditrichota	clean drain	9.703975065183218e-7
CD2_ita_i	Campylobacterota	clean drain	0.01064215537448513
CD2_ita_i	Candidatus Absconditibacteriota	clean drain	8.410111723158789e-7
CD2_ita_i	Candidatus Bipolaricaulota	clean drain	8.086645887652682e-7
CD2_ita_i	Candidatus Cloacimonadota	clean drain	1.4879428433280934e-6
CD2_ita_i	Candidatus Fervidibacterota	clean drain	8.410111723158789e-7
CD2_ita_i	Candidatus Omnitrophota	clean drain	3.55812419056718e-7
CD2_ita_i	Candidatus Saccharibacteria	clean drain	1.8809538334680137e-4
CD2_ita_i	Chlamydiota	clean drain	6.69574279497642e-6
CD2_ita_i	Chlorobiota	clean drain	1.332679242285162e-5
CD2_ita_i	Chloroflexota	clean drain	5.1075255426414335e-5
CD2_ita_i	Chrysiogenota	clean drain	7.019208630482527e-6
CD2_ita_i	Coprothermobacterota	clean drain	4.5285216970855017e-7
CD2_ita_i	Cyanobacteriota	clean drain	1.257311702612239e-4
CD2_ita_i	Deferribacterota	clean drain	2.9111925195549652e-6
CD2_ita_i	Deinococcota	clean drain	0.006399318703318623
CD2_ita_i	Dictyoglomota	clean drain	6.469316710122145e-7
CD2_ita_i	Elusimicrobiota	clean drain	1.5202894268787042e-6
CD2_ita_i	Fibrobacterota	clean drain	5.175453368097716e-7
CD2_ita_i	Fusobacteriota	clean drain	1.2087918272863228e-4
CD2_ita_i	Gemmatimonadota	clean drain	1.471769551552788e-5
CD2_ita_i	Ignavibacteriota	clean drain	3.913936609623898e-6
CD2_ita_i	Kiritimatiellota	clean drain	6.534009877223367e-6
CD2_ita_i	Lentisphaerota	clean drain	7.439714216640467e-7
CD2_ita_i	Mycoplasmatota	clean drain	6.0326378321889005e-5
CD2_ita_i	Myxococcota	clean drain	2.927042345494765e-4
CD2_ita_i	Nitrospinota	clean drain	1.4879428433280934e-6
CD2_ita_i	Nitrospirota	clean drain	1.4491269430673605e-5
CD2_ita_i	Planctomycetota	clean drain	2.433433480512445e-4
CD2_ita_i	Pseudomonadota	clean drain	0.5063242099363141
CD2_ita_i	Rhodothermota	clean drain	1.559105327139437e-5
CD2_ita_i	Spirochaetota	clean drain	8.316306630862018e-5
CD2_ita_i	Synergistota	clean drain	3.622817357668401e-5
CD2_ita_i	Thermodesulfobacteriota	clean drain	5.586578445025979e-4
CD2_ita_i	Thermodesulfobiota	clean drain	2.9111925195549653e-7
CD2_ita_i	Thermomicrobiota	clean drain	4.366788779332448e-6
CD2_ita_i	Thermosulfidibacterota	clean drain	2.2642608485427508e-7
CD2_ita_i	Thermotogota	clean drain	1.526758743588826e-5
CD2_ita_i	Unknown	clean drain	0.04593693593623272
CD2_ita_i	Verrucomicrobiota	clean drain	8.313071972506957e-5
CD2_ita_i	Vulcanimicrobiota	clean drain	2.749459601801912e-6
CD3_ita_i	Acidobacteriota	clean drain	1.394868424753776e-4
CD3_ita_i	Actinomycetota	clean drain	0.7201740130352275
CD3_ita_i	Aquificota	clean drain	5.192611814097508e-6
CD3_ita_i	Armatimonadota	clean drain	7.259812725870923e-6
CD3_ita_i	Atribacterota	clean drain	4.429716239514462e-7
CD3_ita_i	Bacillota	clean drain	0.001957245510894801
CD3_ita_i	Bacteroidota	clean drain	0.04448092179048047
CD3_ita_i	Balneolota	clean drain	1.7226674264778463e-6
CD3_ita_i	Bdellovibrionota	clean drain	2.0229037493782709e-4
CD3_ita_i	Caldisericota	clean drain	2.460953466396923e-7
CD3_ita_i	Calditrichota	clean drain	7.628955745830462e-7
CD3_ita_i	Campylobacterota	clean drain	9.146871843904084e-4
CD3_ita_i	Candidatus Absconditibacteriota	clean drain	7.38286039919077e-8
CD3_ita_i	Candidatus Bipolaricaulota	clean drain	2.5101725357248617e-6
CD3_ita_i	Candidatus Cloacimonadota	clean drain	5.168002279433539e-7
CD3_ita_i	Candidatus Fervidibacterota	clean drain	4.085182754218892e-6
CD3_ita_i	Candidatus Omnitrophota	clean drain	3.691430199595385e-7
CD3_ita_i	Candidatus Saccharibacteria	clean drain	4.826175842951006e-4
CD3_ita_i	Chlamydiota	clean drain	1.5233301956996955e-5
CD3_ita_i	Chlorobiota	clean drain	1.4125872897118339e-5
CD3_ita_i	Chloroflexota	clean drain	5.1409317913031724e-5
CD3_ita_i	Chrysiogenota	clean drain	1.3289148718543385e-6
CD3_ita_i	Coprothermobacterota	clean drain	1.599619753158e-6
CD3_ita_i	Cyanobacteriota	clean drain	1.7032258940933106e-4
CD3_ita_i	Deferribacterota	clean drain	4.8234687941379695e-6
CD3_ita_i	Deinococcota	clean drain	2.3007453957344835e-4
CD3_ita_i	Dictyoglomota	clean drain	5.660192972712923e-7
CD3_ita_i	Elusimicrobiota	clean drain	7.38286039919077e-7
CD3_ita_i	Fibrobacterota	clean drain	1.2550862678624309e-6
CD3_ita_i	Fusobacteriota	clean drain	3.7012740134609725e-5
CD3_ita_i	Gemmatimonadota	clean drain	4.53553723856953e-5
CD3_ita_i	Ignavibacteriota	clean drain	3.4453348529556925e-6
CD3_ita_i	Kiritimatiellota	clean drain	7.555127141838554e-6
CD3_ita_i	Lentisphaerota	clean drain	5.660192972712923e-7
CD3_ita_i	Mycoplasmatota	clean drain	4.914524072394656e-5
CD3_ita_i	Myxococcota	clean drain	5.704982325801347e-4
CD3_ita_i	Nitrospinota	clean drain	1.3535244065183078e-6
CD3_ita_i	Nitrospirota	clean drain	1.7202064730114493e-5
CD3_ita_i	Planctomycetota	clean drain	3.3486193817262936e-4
CD3_ita_i	Pseudomonadota	clean drain	0.22804235802950176
CD3_ita_i	Rhodothermota	clean drain	1.6414559620867478e-5
CD3_ita_i	Spirochaetota	clean drain	4.631514423759009e-5
CD3_ita_i	Synergistota	clean drain	2.1557952365637047e-5
CD3_ita_i	Thermodesulfobacteriota	clean drain	2.685884613225602e-4
CD3_ita_i	Thermodesulfobiota	clean drain	5.168002279433539e-7
CD3_ita_i	Thermomicrobiota	clean drain	8.096536904445877e-6
CD3_ita_i	Thermosulfidibacterota	clean drain	7.38286039919077e-8
CD3_ita_i	Thermotogota	clean drain	8.071927369781908e-6
CD3_ita_i	Unknown	clean drain	0.0015271446735726107
CD3_ita_i	Verrucomicrobiota	clean drain	1.2149727263601609e-4
CD3_ita_i	Vulcanimicrobiota	clean drain	6.4476980819599385e-6
CD4_ita_i	Acidobacteriota	clean drain	6.543560383013372e-5
CD4_ita_i	Actinomycetota	clean drain	0.8199345224891088
CD4_ita_i	Aquificota	clean drain	8.835826134470216e-7
CD4_ita_i	Armatimonadota	clean drain	2.726483492922238e-6
CD4_ita_i	Atribacterota	clean drain	5.049043505411552e-8
CD4_ita_i	Bacillota	clean drain	0.0029946886839297
CD4_ita_i	Bacteroidota	clean drain	0.01671720632989496
CD4_ita_i	Balneolota	clean drain	4.2916869795998194e-7
CD4_ita_i	Bdellovibrionota	clean drain	8.356167001456119e-6
CD4_ita_i	Caldisericota	clean drain	5.049043505411552e-8
CD4_ita_i	Calditrichota	clean drain	3.029426103246931e-7
CD4_ita_i	Campylobacterota	clean drain	3.237446695669887e-4
CD4_ita_i	Candidatus Absconditibacteriota	clean drain	2.524521752705776e-8
CD4_ita_i	Candidatus Bipolaricaulota	clean drain	5.30149568068213e-7
CD4_ita_i	Candidatus Cloacimonadota	clean drain	1.0098087010823104e-7
CD4_ita_i	Candidatus Fervidibacterota	clean drain	1.3632417464611192e-6
CD4_ita_i	Candidatus Omnitrophota	clean drain	2.776973927976354e-7
CD4_ita_i	Candidatus Saccharibacteria	clean drain	3.4484967141960903e-4
CD4_ita_i	Chlamydiota	clean drain	1.3607172247084133e-5
CD4_ita_i	Chlorobiota	clean drain	5.30149568068213e-6
CD4_ita_i	Chloroflexota	clean drain	3.668130106681493e-5
CD4_ita_i	Chrysiogenota	clean drain	8.330921783929061e-7
CD4_ita_i	Coprothermobacterota	clean drain	5.806400031223286e-7
CD4_ita_i	Cyanobacteriota	clean drain	8.853497786739157e-5
CD4_ita_i	Deferribacterota	clean drain	2.650747840341065e-6
CD4_ita_i	Deinococcota	clean drain	0.026430556225605705
CD4_ita_i	Dictyoglomota	clean drain	1.262260876352888e-7
CD4_ita_i	Elusimicrobiota	clean drain	6.058852206493862e-7
CD4_ita_i	Fibrobacterota	clean drain	3.5343304537880864e-7
CD4_ita_i	Fusobacteriota	clean drain	2.4639332306408376e-5
CD4_ita_i	Gemmatimonadota	clean drain	1.736870965861574e-5
CD4_ita_i	Ignavibacteriota	clean drain	8.078469608658483e-7
CD4_ita_i	Kiritimatiellota	clean drain	4.29168697959982e-6
CD4_ita_i	Lentisphaerota	clean drain	1.0098087010823104e-7
CD4_ita_i	Mycoplasmatota	clean drain	2.436163491361074e-5
CD4_ita_i	Myxococcota	clean drain	0.00025904117704513967
CD4_ita_i	Nitrospinota	clean drain	7.321113082846751e-7
CD4_ita_i	Nitrospirota	clean drain	1.3253739201705324e-5
CD4_ita_i	Planctomycetota	clean drain	1.7396479397895504e-4
CD4_ita_i	Pseudomonadota	clean drain	0.13168375023159332
CD4_ita_i	Rhodothermota	clean drain	1.5020904428599367e-5
CD4_ita_i	Spirochaetota	clean drain	2.0246664456700323e-5
CD4_ita_i	Synergistota	clean drain	2.1685641855742618e-5
CD4_ita_i	Thermodesulfobacteriota	clean drain	1.4622029991671854e-4
CD4_ita_i	Thermodesulfobiota	clean drain	2.0196174021646208e-7
CD4_ita_i	Thermomicrobiota	clean drain	4.0392348043292415e-06
CD4_ita_i	Thermosulfidibacterota	clean drain	0
CD4_ita_i	Thermotogota	clean drain	3.761537411531606e-6
CD4_ita_i	Unknown	clean drain	5.409292759522667e-4
CD4_ita_i	Verrucomicrobiota	clean drain	6.763193775498775e-5
CD4_ita_i	Vulcanimicrobiota	clean drain	2.5750121877598916e-6
CS1_ita_i	Acidobacteriota	clean surface	6.040912378825523e-5
CS1_ita_i	Actinomycetota	clean surface	0.1866406744498827
CS1_ita_i	Aquificota	clean surface	4.795838835098126e-6
CS1_ita_i	Armatimonadota	clean surface	2.02900873792613e-6
CS1_ita_i	Atribacterota	clean surface	1.014504368963065e-6
CS1_ita_i	Bacillota	clean surface	0.019221998734083003
CS1_ita_i	Bacteroidota	clean surface	0.014573447487824333
CS1_ita_i	Balneolota	clean surface	4.611383495286659e-7
CS1_ita_i	Bdellovibrionota	clean surface	3.0896269418420614e-5
CS1_ita_i	Caldisericota	clean surface	4.611383495286659e-7
CS1_ita_i	Calditrichota	clean surface	1.8445533981146636e-7
CS1_ita_i	Campylobacterota	clean surface	0.005258729510355
CS1_ita_i	Candidatus Absconditibacteriota	clean surface	1.8445533981146636e-7
CS1_ita_i	Candidatus Bipolaricaulota	clean surface	9.222766990573318e-8
CS1_ita_i	Candidatus Cloacimonadota	clean surface	5.533660194343991e-7
CS1_ita_i	Candidatus Fervidibacterota	clean surface	1.4756427184917309e-6
CS1_ita_i	Candidatus Omnitrophota	clean surface	9.222766990573318e-8
CS1_ita_i	Candidatus Saccharibacteria	clean surface	1.370503174799195e-4
CS1_ita_i	Chlamydiota	clean surface	7.193758252647188e-6
CS1_ita_i	Chlorobiota	clean surface	8.300490291515986e-6
CS1_ita_i	Chloroflexota	clean surface	2.407142184539636e-5
CS1_ita_i	Chrysiogenota	clean surface	1.660098058303197e-6
CS1_ita_i	Coprothermobacterota	clean surface	3.135740776794928e-6
CS1_ita_i	Cyanobacteriota	clean surface	1.3031769757680098e-4
CS1_ita_i	Deferribacterota	clean surface	1.0882865048876515e-5
CS1_ita_i	Deinococcota	clean surface	0.0016586224155847053
CS1_ita_i	Dictyoglomota	clean surface	1.5678703883974639e-6
CS1_ita_i	Elusimicrobiota	clean surface	9.222766990573318e-7
CS1_ita_i	Fibrobacterota	clean surface	3.043513106889195e-6
CS1_ita_i	Fusobacteriota	clean surface	5.659089825415788e-4
CS1_ita_i	Gemmatimonadota	clean surface	5.441432524438257e-6
CS1_ita_i	Ignavibacteriota	clean surface	1.4479744175200108e-5
CS1_ita_i	Kiritimatiellota	clean surface	1.660098058303197e-6
CS1_ita_i	Lentisphaerota	clean surface	8.300490291515985e-7
CS1_ita_i	Mycoplasmatota	clean surface	1.9994958835562954e-4
CS1_ita_i	Myxococcota	clean surface	1.186970111686786e-4
CS1_ita_i	Nitrospinota	clean surface	9.222766990573318e-7
CS1_ita_i	Nitrospirota	clean surface	1.1528458738216647e-5
CS1_ita_i	Planctomycetota	clean surface	1.2570631408151433e-4
CS1_ita_i	Pseudomonadota	clean surface	0.7685187858079693
CS1_ita_i	Rhodothermota	clean surface	6.2714815535898554e-6
CS1_ita_i	Spirochaetota	clean surface	1.417539286451119e-4
CS1_ita_i	Synergistota	clean surface	1.1205661893546581e-4
CS1_ita_i	Thermodesulfobacteriota	clean surface	2.764985543773881e-4
CS1_ita_i	Thermodesulfobiota	clean surface	1.014504368963065e-6
CS1_ita_i	Thermomicrobiota	clean surface	5.256977184626792e-6
CS1_ita_i	Thermosulfidibacterota	clean surface	3.689106796229327e-7
CS1_ita_i	Thermotogota	clean surface	2.633099975808682e-4
CS1_ita_i	Unknown	clean surface	0.001803604312676518
CS1_ita_i	Verrucomicrobiota	clean surface	4.094908543814553e-5
CS1_ita_i	Vulcanimicrobiota	clean surface	7.378213592458654e-7
CS2_ita_i	Acidobacteriota	clean surface	8.683470257197488e-5
CS2_ita_i	Actinomycetota	clean surface	0.7198612178263529
CS2_ita_i	Aquificota	clean surface	4.3449299300178746e-6
CS2_ita_i	Armatimonadota	clean surface	2.939217305600327e-6
CS2_ita_i	Atribacterota	clean surface	5.111682270609265e-7
CS2_ita_i	Bacillota	clean surface	0.026964954625832843
CS2_ita_i	Bacteroidota	clean surface	0.011940059135774268
CS2_ita_i	Balneolota	clean surface	9.584404257392372e-7
CS2_ita_i	Bdellovibrionota	clean surface	3.6931904405151934e-5
CS2_ita_i	Caldisericota	clean surface	4.4727219867831064e-7
CS2_ita_i	Calditrichota	clean surface	7.667523405913896e-7
CS2_ita_i	Campylobacterota	clean surface	6.298870477958266e-4
CS2_ita_i	Candidatus Absconditibacteriota	clean surface	3.833761702956948e-7
CS2_ita_i	Candidatus Bipolaricaulota	clean surface	1.916880851478474e-7
CS2_ita_i	Candidatus Cloacimonadota	clean surface	4.4727219867831064e-7
CS2_ita_i	Candidatus Fervidibacterota	clean surface	7.348043264000818e-6
CS2_ita_i	Candidatus Omnitrophota	clean surface	6.389602838261581e-7
CS2_ita_i	Candidatus Saccharibacteria	clean surface	6.0554266098205e-4
CS2_ita_i	Chlamydiota	clean surface	1.1181804966957767e-5
CS2_ita_i	Chlorobiota	clean surface	1.2076349364314387e-5
CS2_ita_i	Chloroflexota	clean surface	5.003059022358818e-5
CS2_ita_i	Chrysiogenota	clean surface	1.022336454121853e-6
CS2_ita_i	Coprothermobacterota	clean surface	3.386489504278638e-6
CS2_ita_i	Cyanobacteriota	clean surface	1.2389439903389205e-4
CS2_ita_i	Deferribacterota	clean surface	1.265141361975793e-5
CS2_ita_i	Deinococcota	clean surface	9.252783870086595e-4
CS2_ita_i	Dictyoglomota	clean surface	8.306483689740056e-7
CS2_ita_i	Elusimicrobiota	clean surface	5.111682270609265e-7
CS2_ita_i	Fibrobacterota	clean surface	2.0063352912141365e-5
CS2_ita_i	Fusobacteriota	clean surface	3.0714820843523417e-4
CS2_ita_i	Gemmatimonadota	clean surface	1.3162581846818856e-5
CS2_ita_i	Ignavibacteriota	clean surface	1.5015566669914715e-5
CS2_ita_i	Kiritimatiellota	clean surface	3.0670093623655586e-6
CS2_ita_i	Lentisphaerota	clean surface	9.584404257392372e-7
CS2_ita_i	Mycoplasmatota	clean surface	3.776255277412594e-4
CS2_ita_i	Myxococcota	clean surface	2.7922564403203107e-4
CS2_ita_i	Nitrospinota	clean surface	9.584404257392372e-7
CS2_ita_i	Nitrospirota	clean surface	3.7570864688978095e-5
CS2_ita_i	Planctomycetota	clean surface	2.0600079550555338e-4
CS2_ita_i	Pseudomonadota	clean surface	0.23578107303795265
CS2_ita_i	Rhodothermota	clean surface	1.2459725534610083e-5
CS2_ita_i	Spirochaetota	clean surface	1.725831726614453e-4
CS2_ita_i	Synergistota	clean surface	6.0253954764806706e-5
CS2_ita_i	Thermodesulfobacteriota	clean surface	3.173076769480701e-4
CS2_ita_i	Thermodesulfobiota	clean surface	9.58440425739237e-7
CS2_ita_i	Thermomicrobiota	clean surface	3.833761702956949e-6
CS2_ita_i	Thermosulfidibacterota	clean surface	2.5558411353046323e-7
CS2_ita_i	Thermotogota	clean surface	3.5884009539677037e-4
CS2_ita_i	Unknown	clean surface	6.580651963125603e-4
CS2_ita_i	Verrucomicrobiota	clean surface	8.638743037329657e-5
CS2_ita_i	Vulcanimicrobiota	clean surface	1.9168808514784744e-6
CS3_ita_i	Acidobacteriota	clean surface	9.541348874120833e-5
CS3_ita_i	Actinomycetota	clean surface	0.6244646784024537
CS3_ita_i	Aquificota	clean surface	1.2548712804966176e-5
CS3_ita_i	Armatimonadota	clean surface	7.734766944440358e-6
CS3_ita_i	Atribacterota	clean surface	7.031606313127598e-7
CS3_ita_i	Bacillota	clean surface	0.10151129773595258
CS3_ita_i	Bacteroidota	clean surface	0.03223845453514808
CS3_ita_i	Balneolota	clean surface	2.9749103632462914e-6
CS3_ita_i	Bdellovibrionota	clean surface	3.0344085705112172e-5
CS3_ita_i	Caldisericota	clean surface	7.031606313127598e-7
CS3_ita_i	Calditrichota	clean surface	1.6226783799525226e-6
CS3_ita_i	Campylobacterota	clean surface	9.302815152267812e-4
CS3_ita_i	Candidatus Absconditibacteriota	clean surface	4.32714234654006e-7
CS3_ita_i	Candidatus Bipolaricaulota	clean surface	8.113391899762613e-7
CS3_ita_i	Candidatus Cloacimonadota	clean surface	1.4604105419572703e-6
CS3_ita_i	Candidatus Fervidibacterota	clean surface	5.679374329833829e-6
CS3_ita_i	Candidatus Omnitrophota	clean surface	1.298142703962018e-6
CS3_ita_i	Candidatus Saccharibacteria	clean surface	3.8754968641199414e-4
CS3_ita_i	Chlamydiota	clean surface	1.6875855151506234e-5
CS3_ita_i	Chlorobiota	clean surface	2.5584229123918105e-5
CS3_ita_i	Chloroflexota	clean surface	7.042424168993948e-5
CS3_ita_i	Chrysiogenota	clean surface	2.379928290597033e-6
CS3_ita_i	Coprothermobacterota	clean surface	6.166177843819586e-6
CS3_ita_i	Cyanobacteriota	clean surface	2.32854347523187e-4
CS3_ita_i	Deferribacterota	clean surface	6.0904528527551347e-5
CS3_ita_i	Deinococcota	clean surface	0.004377769911994579
CS3_ita_i	Dictyoglomota	clean surface	2.434017569928784e-6
CS3_ita_i	Elusimicrobiota	clean surface	3.2453567599050452e-6
CS3_ita_i	Fibrobacterota	clean surface	6.517758159475966e-5
CS3_ita_i	Fusobacteriota	clean surface	0.0010414349842535289
CS3_ita_i	Gemmatimonadota	clean surface	1.1142391542340655e-5
CS3_ita_i	Ignavibacteriota	clean surface	1.1412837938999409e-5
CS3_ita_i	Kiritimatiellota	clean surface	7.788856223772107e-6
CS3_ita_i	Lentisphaerota	clean surface	1.2440534246302674e-6
CS3_ita_i	Mycoplasmatota	clean surface	5.039498155339218e-4
CS3_ita_i	Myxococcota	clean surface	2.296630800426137e-4
CS3_ita_i	Nitrospinota	clean surface	2.001303335274778e-6
CS3_ita_i	Nitrospirota	clean surface	3.077679993976618e-5
CS3_ita_i	Planctomycetota	clean surface	2.1403127831573772e-4
CS3_ita_i	Pseudomonadota	clean surface	0.23077326250089789
CS3_ita_i	Rhodothermota	clean surface	2.1797979570695556e-5
CS3_ita_i	Spirochaetota	clean surface	8.816552531075373e-4
CS3_ita_i	Synergistota	clean surface	9.119452495333178e-5
CS3_ita_i	Thermodesulfobacteriota	clean surface	6.726001884903207e-4
CS3_ita_i	Thermodesulfobiota	clean surface	2.001303335274778e-6
CS3_ita_i	Thermomicrobiota	clean surface	4.922124419189318e-6
CS3_ita_i	Thermosulfidibacterota	clean surface	7.031606313127598e-7
CS3_ita_i	Thermotogota	clean surface	3.1106744543689857e-4
CS3_ita_i	Unknown	clean surface	5.044907083272393e-4
CS3_ita_i	Verrucomicrobiota	clean surface	1.2251221768641547e-4
CS3_ita_i	Vulcanimicrobiota	clean surface	2.5421961285922856e-6
CS4_ita_i	Acidobacteriota	clean surface	6.001989941527022e-5
CS4_ita_i	Actinomycetota	clean surface	0.8710130082354929
CS4_ita_i	Aquificota	clean surface	5.637228121876209e-6
CS4_ita_i	Armatimonadota	clean surface	3.3160165422801224e-6
CS4_ita_i	Atribacterota	clean surface	1.0777053762410398e-6
CS4_ita_i	Bacillota	clean surface	0.022282304757505512
CS4_ita_i	Bacteroidota	clean surface	0.010244087003652426
CS4_ita_i	Balneolota	clean surface	1.5751078575830583e-6
CS4_ita_i	Bdellovibrionota	clean surface	1.5833978989387586e-5
CS4_ita_i	Caldisericota	clean surface	2.487012406710092e-7
CS4_ita_i	Calditrichota	clean surface	6.632033084560245e-7
CS4_ita_i	Campylobacterota	clean surface	7.05316718542982e-4
CS4_ita_i	Candidatus Absconditibacteriota	clean surface	5.803028948990215e-7
CS4_ita_i	Candidatus Bipolaricaulota	clean surface	8.290041355700307e-7
CS4_ita_i	Candidatus Cloacimonadota	clean surface	9.119045491270338e-7
CS4_ita_i	Candidatus Fervidibacterota	clean surface	8.704543423485322e-6
CS4_ita_i	Candidatus Omnitrophota	clean surface	1.0777053762410398e-6
CS4_ita_i	Candidatus Saccharibacteria	clean surface	7.175030793358615e-4
CS4_ita_i	Chlamydiota	clean surface	1.4258871131804528e-5
CS4_ita_i	Chlorobiota	clean surface	1.3098265342006485e-5
CS4_ita_i	Chloroflexota	clean surface	4.7087434900377746e-5
CS4_ita_i	Chrysiogenota	clean surface	5.803028948990215e-7
CS4_ita_i	Coprothermobacterota	clean surface	4.9740248134201845e-6
CS4_ita_i	Cyanobacteriota	clean surface	1.1456837153577825e-4
CS4_ita_i	Deferribacterota	clean surface	1.948159718589572e-5
CS4_ita_i	Deinococcota	clean surface	8.983917817172423e-4
CS4_ita_i	Dictyoglomota	clean surface	7.461037220130276e-7
CS4_ita_i	Elusimicrobiota	clean surface	9.119045491270338e-7
CS4_ita_i	Fibrobacterota	clean surface	5.023765061554386e-5
CS4_ita_i	Fusobacteriota	clean surface	0.001134243458286916
CS4_ita_i	Gemmatimonadota	clean surface	8.290041355700308e-6
CS4_ita_i	Ignavibacteriota	clean surface	1.9315796358781714e-5
CS4_ita_i	Kiritimatiellota	clean surface	2.9015144744951076e-6
CS4_ita_i	Lentisphaerota	clean surface	5.803028948990215e-7
CS4_ita_i	Mycoplasmatota	clean surface	0.0010394882855912614
CS4_ita_i	Myxococcota	clean surface	2.1040124960767378e-4
CS4_ita_i	Nitrospinota	clean surface	1.4093070304690522e-6
CS4_ita_i	Nitrospirota	clean surface	5.9854098588156214e-5
CS4_ita_i	Planctomycetota	clean surface	1.6654693083601916e-4
CS4_ita_i	Pseudomonadota	clean surface	0.08942890402503062
CS4_ita_i	Rhodothermota	clean surface	9.948049626840369e-6
CS4_ita_i	Spirochaetota	clean surface	3.0167460493393415e-4
CS4_ita_i	Synergistota	clean surface	1.0213330950222778e-4
CS4_ita_i	Thermodesulfobacteriota	clean surface	4.016525036836799e-4
CS4_ita_i	Thermodesulfobiota	clean surface	1.4922074440260554e-6
CS4_ita_i	Thermomicrobiota	clean surface	3.067315301609114e-6
CS4_ita_i	Thermosulfidibacterota	clean surface	7.461037220130277e-7
CS4_ita_i	Thermotogota	clean surface	3.4917654190209696e-4
CS4_ita_i	Unknown	clean surface	4.620040047531781e-4
CS4_ita_i	Verrucomicrobiota	clean surface	6.77296378760715e-5
CS4_ita_i	Vulcanimicrobiota	clean surface	1.4093070304690522e-6
DD1_ita_i	Acidobacteriota	dirty drain	1.7306261351188428e-4
DD1_ita_i	Actinomycetota	dirty drain	0.3364776634258836
DD1_ita_i	Aquificota	dirty drain	9.783482143597419e-6
DD1_ita_i	Armatimonadota	dirty drain	8.291086562370694e-6
DD1_ita_i	Atribacterota	dirty drain	9.949303874844832e-7
DD1_ita_i	Bacillota	dirty drain	0.08312107230501824
DD1_ita_i	Bacteroidota	dirty drain	0.09213282011139019
DD1_ita_i	Balneolota	dirty drain	8.069990920707475e-6
DD1_ita_i	Bdellovibrionota	dirty drain	2.3983349729417628e-4
DD1_ita_i	Caldisericota	dirty drain	2.3215042374637943e-6
DD1_ita_i	Calditrichota	dirty drain	3.979721549937933e-6
DD1_ita_i	Campylobacterota	dirty drain	0.03458742834704808
DD1_ita_i	Candidatus Absconditibacteriota	dirty drain	7.738347458212648e-7
DD1_ita_i	Candidatus Bipolaricaulota	dirty drain	1.8793129541373571e-6
DD1_ita_i	Candidatus Cloacimonadota	dirty drain	2.3215042374637943e-6
DD1_ita_i	Candidatus Fervidibacterota	dirty drain	8.84382566652874e-7
DD1_ita_i	Candidatus Omnitrophota	dirty drain	2.3767781478795987e-6
DD1_ita_i	Candidatus Saccharibacteria	dirty drain	1.0474406023794976e-4
DD1_ita_i	Chlamydiota	dirty drain	2.398887712045921e-5
DD1_ita_i	Chlorobiota	dirty drain	4.366638922848565e-5
DD1_ita_i	Chloroflexota	dirty drain	1.1856253784190092e-4
DD1_ita_i	Chrysiogenota	dirty drain	9.838756054013224e-6
DD1_ita_i	Coprothermobacterota	dirty drain	2.045134685384771e-6
DD1_ita_i	Cyanobacteriota	dirty drain	3.538083005715654e-4
DD1_ita_i	Deferribacterota	dirty drain	1.1110055993576729e-5
DD1_ita_i	Deinococcota	dirty drain	0.003969772246063088
DD1_ita_i	Dictyoglomota	dirty drain	2.8742433416218403e-6
DD1_ita_i	Elusimicrobiota	dirty drain	2.9847911624534495e-6
DD1_ita_i	Fibrobacterota	dirty drain	4.532460654095979e-6
DD1_ita_i	Fusobacteriota	dirty drain	7.614533898881245e-4
DD1_ita_i	Gemmatimonadota	dirty drain	3.6757150426510075e-5
DD1_ita_i	Ignavibacteriota	dirty drain	2.0727716405926735e-5
DD1_ita_i	Kiritimatiellota	dirty drain	6.964512712391383e-6
DD1_ita_i	Lentisphaerota	dirty drain	1.6029434020583341e-6
DD1_ita_i	Mycoplasmatota	dirty drain	2.2993946732974724e-4
DD1_ita_i	Myxococcota	dirty drain	0.0010613143538938646
DD1_ita_i	Nitrospinota	dirty drain	4.477186743680174e-6
DD1_ita_i	Nitrospirota	dirty drain	2.5260177060022713e-5
DD1_ita_i	Planctomycetota	dirty drain	3.4286406630923606e-4
DD1_ita_i	Pseudomonadota	dirty drain	0.44097061428881434
DD1_ita_i	Rhodothermota	dirty drain	2.7802776939149724e-5
DD1_ita_i	Spirochaetota	dirty drain	2.2977364559849983e-4
DD1_ita_i	Synergistota	dirty drain	7.705183111963164e-5
DD1_ita_i	Thermodesulfobacteriota	dirty drain	0.002455377648490873
DD1_ita_i	Thermodesulfobiota	dirty drain	2.653147699958622e-6
DD1_ita_i	Thermomicrobiota	dirty drain	1.31551906789615e-5
DD1_ita_i	Thermosulfidibacterota	dirty drain	7.738347458212648e-7
DD1_ita_i	Thermotogota	dirty drain	1.483551755560196e-4
DD1_ita_i	Unknown	dirty drain	0.0019915189922814405
DD1_ita_i	Verrucomicrobiota	dirty drain	1.6560063560575066e-4
DD1_ita_i	Vulcanimicrobiota	dirty drain	4.477186743680174e-6
DD2_ita_i	Acidobacteriota	dirty drain	1.5907351421434079e-4
DD2_ita_i	Actinomycetota	dirty drain	0.393743023861938
DD2_ita_i	Aquificota	dirty drain	1.3109739515006e-5
DD2_ita_i	Armatimonadota	dirty drain	1.1157917254707339e-5
DD2_ita_i	Atribacterota	dirty drain	1.5939881792439058e-6
DD2_ita_i	Bacillota	dirty drain	0.088951501901205
DD2_ita_i	Bacteroidota	dirty drain	0.0796635604933478
DD2_ita_i	Balneolota	dirty drain	1.5256744001334525e-5
DD2_ita_i	Bdellovibrionota	dirty drain	3.1424338390808427e-4
DD2_ita_i	Caldisericota	dirty drain	3.4807496975326102e-6
DD2_ita_i	Calditrichota	dirty drain	5.3349808448163375e-6
DD2_ita_i	Campylobacterota	dirty drain	0.03131783395613813
DD2_ita_i	Candidatus Absconditibacteriota	dirty drain	3.253037100497767e-7
DD2_ita_i	Candidatus Bipolaricaulota	dirty drain	1.756640034268794e-6
DD2_ita_i	Candidatus Cloacimonadota	dirty drain	3.6759319235624766e-6
DD2_ita_i	Candidatus Fervidibacterota	dirty drain	1.5289274372339503e-6
DD2_ita_i	Candidatus Omnitrophota	dirty drain	2.049413373313593e-6
DD2_ita_i	Candidatus Saccharibacteria	dirty drain	1.4482521171416056e-4
DD2_ita_i	Chlamydiota	dirty drain	2.1697757460320106e-5
DD2_ita_i	Chlorobiota	dirty drain	6.372699679875125e-5
DD2_ita_i	Chloroflexota	dirty drain	1.0738275468743128e-4
DD2_ita_i	Chrysiogenota	dirty drain	1.5712169195404213e-5
DD2_ita_i	Coprothermobacterota	dirty drain	1.4963970662289726e-6
DD2_ita_i	Cyanobacteriota	dirty drain	4.356467284986609e-4
DD2_ita_i	Deferribacterota	dirty drain	1.2068767642846714e-5
DD2_ita_i	Deinococcota	dirty drain	6.382784094886668e-4
DD2_ita_i	Dictyoglomota	dirty drain	3.187976358487811e-6
DD2_ita_i	Elusimicrobiota	dirty drain	5.4976326998412255e-6
DD2_ita_i	Fibrobacterota	dirty drain	7.25427273411002e-6
DD2_ita_i	Fusobacteriota	dirty drain	0.0011912296558312773
DD2_ita_i	Gemmatimonadota	dirty drain	3.653160663858992e-5
DD2_ita_i	Ignavibacteriota	dirty drain	2.830142277433057e-5
DD2_ita_i	Kiritimatiellota	dirty drain	9.531398704458457e-6
DD2_ita_i	Lentisphaerota	dirty drain	2.6674904224081687e-6
DD2_ita_i	Mycoplasmatota	dirty drain	2.671719370638816e-4
DD2_ita_i	Myxococcota	dirty drain	9.266276180767888e-4
DD2_ita_i	Nitrospinota	dirty drain	5.8229364098910024e-6
DD2_ita_i	Nitrospirota	dirty drain	2.8464074629355457e-5
DD2_ita_i	Planctomycetota	dirty drain	3.9638257069565287e-4
DD2_ita_i	Pseudomonadota	dirty drain	0.3946827612195298
DD2_ita_i	Rhodothermota	dirty drain	2.4885733818807914e-5
DD2_ita_i	Spirochaetota	dirty drain	3.012637658770982e-4
DD2_ita_i	Synergistota	dirty drain	6.984270654768706e-5
DD2_ita_i	Thermodesulfobacteriota	dirty drain	0.0039000011190447625
DD2_ita_i	Thermodesulfobiota	dirty drain	1.268684469194129e-6
DD2_ita_i	Thermomicrobiota	dirty drain	1.2882026917971156e-5
DD2_ita_i	Thermosulfidibacterota	dirty drain	4.5542519406968734e-7
DD2_ita_i	Thermotogota	dirty drain	1.1226231033817793e-4
DD2_ita_i	Unknown	dirty drain	0.002157023840598059
DD2_ita_i	Verrucomicrobiota	dirty drain	1.7543629082984456e-4
DD2_ita_i	Vulcanimicrobiota	dirty drain	3.90364452059732e-6
DD3_ita_i	Acidobacteriota	dirty drain	1.1176069866626483e-4
DD3_ita_i	Actinomycetota	dirty drain	0.16535561815269717
DD3_ita_i	Aquificota	dirty drain	1.3837785559169234e-5
DD3_ita_i	Armatimonadota	dirty drain	6.389685683129137e-6
DD3_ita_i	Atribacterota	dirty drain	2.0384273344951844e-6
DD3_ita_i	Bacillota	dirty drain	0.07836177240002318
DD3_ita_i	Bacteroidota	dirty drain	0.22326224265736913
DD3_ita_i	Balneolota	dirty drain	1.105454823707004e-5
DD3_ita_i	Bdellovibrionota	dirty drain	8.497497948048485e-4
DD3_ita_i	Caldisericota	dirty drain	2.0384273344951844e-6
DD3_ita_i	Calditrichota	dirty drain	2.8616383734259322e-6
DD3_ita_i	Campylobacterota	dirty drain	0.01955608383926185
DD3_ita_i	Candidatus Absconditibacteriota	dirty drain	1.84242470617834e-6
DD3_ita_i	Candidatus Bipolaricaulota	dirty drain	9.016120902574855e-7
DD3_ita_i	Candidatus Cloacimonadota	dirty drain	1.803224180514971e-6
DD3_ita_i	Candidatus Fervidibacterota	dirty drain	7.840105132673787e-7
DD3_ita_i	Candidatus Omnitrophota	dirty drain	1.4896199752080195e-6
DD3_ita_i	Candidatus Saccharibacteria	dirty drain	1.1779757961842365e-4
DD3_ita_i	Chlamydiota	dirty drain	4.272857297307214e-5
DD3_ita_i	Chlorobiota	dirty drain	4.0219739330616526e-5
DD3_ita_i	Chloroflexota	dirty drain	7.044334461707398e-5
DD3_ita_i	Chrysiogenota	dirty drain	9.95693351849571e-6
DD3_ita_i	Coprothermobacterota	dirty drain	1.9992268088318157e-6
DD3_ita_i	Cyanobacteriota	dirty drain	4.308137770404246e-4
DD3_ita_i	Deferribacterota	dirty drain	2.1050682281229117e-5
DD3_ita_i	Deinococcota	dirty drain	0.0010920090434044685
DD3_ita_i	Dictyoglomota	dirty drain	3.763250463683418e-6
DD3_ita_i	Elusimicrobiota	dirty drain	4.390458874297321e-6
DD3_ita_i	Fibrobacterota	dirty drain	4.4296593999606894e-6
DD3_ita_i	Fusobacteriota	dirty drain	5.658203874250673e-4
DD3_ita_i	Gemmatimonadota	dirty drain	2.5127536950219488e-5
DD3_ita_i	Ignavibacteriota	dirty drain	2.8851586888239537e-5
DD3_ita_i	Kiritimatiellota	dirty drain	4.900065707921117e-6
DD3_ita_i	Lentisphaerota	dirty drain	1.9992268088318157e-6
DD3_ita_i	Mycoplasmatota	dirty drain	3.274027903404573e-4
DD3_ita_i	Myxococcota	dirty drain	4.1070390737511634e-4
DD3_ita_i	Nitrospinota	dirty drain	3.096841527406146e-6
DD3_ita_i	Nitrospirota	dirty drain	2.7479568490021624e-5
DD3_ita_i	Planctomycetota	dirty drain	2.666419755622355e-4
DD3_ita_i	Pseudomonadota	dirty drain	0.502293818759192
DD3_ita_i	Rhodothermota	dirty drain	1.8267444959129925e-5
DD3_ita_i	Spirochaetota	dirty drain	2.766381096063946e-4
DD3_ita_i	Synergistota	dirty drain	5.068627968273603e-5
DD3_ita_i	Thermodesulfobacteriota	dirty drain	0.0015813884057859662
DD3_ita_i	Thermodesulfobiota	dirty drain	3.2928441557229903e-6
DD3_ita_i	Thermomicrobiota	dirty drain	7.72250355568368e-6
DD3_ita_i	Thermosulfidibacterota	dirty drain	5.096068336237961e-7
DD3_ita_i	Thermotogota	dirty drain	2.792645448258403e-4
DD3_ita_i	Unknown	dirty drain	0.0043065697493777115
DD3_ita_i	Verrucomicrobiota	dirty drain	1.3469300617933565e-4
DD3_ita_i	Vulcanimicrobiota	dirty drain	3.2536436300596215e-6
DD4_ita_i	Acidobacteriota	dirty drain	7.61828638512311e-5
DD4_ita_i	Actinomycetota	dirty drain	0.15129630722603124
DD4_ita_i	Aquificota	dirty drain	1.643712768445388e-5
DD4_ita_i	Armatimonadota	dirty drain	4.270430231745371e-6
DD4_ita_i	Atribacterota	dirty drain	2.215789271188636e-6
DD4_ita_i	Bacillota	dirty drain	0.10726321622618455
DD4_ita_i	Bacteroidota	dirty drain	0.18442138994043758
DD4_ita_i	Balneolota	dirty drain	6.486219502934007e-6
DD4_ita_i	Bdellovibrionota	dirty drain	2.340679211928359e-4
DD4_ita_i	Caldisericota	dirty drain	1.2488994073972312e-6
DD4_ita_i	Calditrichota	dirty drain	3.3035403679539664e-6
DD4_ita_i	Campylobacterota	dirty drain	0.1323019572872374
DD4_ita_i	Candidatus Absconditibacteriota	dirty drain	1.8532055722668592e-6
DD4_ita_i	Candidatus Bipolaricaulota	dirty drain	5.237320095536776e-7
DD4_ita_i	Candidatus Cloacimonadota	dirty drain	1.6920572616349585e-6
DD4_ita_i	Candidatus Fervidibacterota	dirty drain	8.05741553159504e-7
DD4_ita_i	Candidatus Omnitrophota	dirty drain	9.668898637914049e-7
DD4_ita_i	Candidatus Saccharibacteria	dirty drain	1.3915156623064634e-4
DD4_ita_i	Chlamydiota	dirty drain	4.540353652053805e-5
DD4_ita_i	Chlorobiota	dirty drain	2.9328992535005947e-5
DD4_ita_i	Chloroflexota	dirty drain	6.248525744751953e-5
DD4_ita_i	Chrysiogenota	dirty drain	4.6733010083251235e-6
DD4_ita_i	Coprothermobacterota	dirty drain	2.1352151158726855e-6
DD4_ita_i	Cyanobacteriota	dirty drain	3.851847494879009e-4
DD4_ita_i	Deferribacterota	dirty drain	1.961980681943392e-5
DD4_ita_i	Deinococcota	dirty drain	0.0025008203456188104
DD4_ita_i	Dictyoglomota	dirty drain	4.95531055193095e-6
DD4_ita_i	Elusimicrobiota	dirty drain	3.504975756243842e-6
DD4_ita_i	Fibrobacterota	dirty drain	1.0756649734679379e-5
DD4_ita_i	Fusobacteriota	dirty drain	5.637370776680469e-4
DD4_ita_i	Gemmatimonadota	dirty drain	1.4301912568581197e-5
DD4_ita_i	Ignavibacteriota	dirty drain	3.372028399972524e-5
DD4_ita_i	Kiritimatiellota	dirty drain	2.457511737136487e-6
DD4_ita_i	Lentisphaerota	dirty drain	2.376937581820537e-6
DD4_ita_i	Mycoplasmatota	dirty drain	4.1535977065372434e-4
DD4_ita_i	Myxococcota	dirty drain	2.070755791619925e-4
DD4_ita_i	Nitrospinota	dirty drain	2.01435388289876e-6
DD4_ita_i	Nitrospirota	dirty drain	2.123128992575293e-5
DD4_ita_i	Planctomycetota	dirty drain	1.6755395597951885e-4
DD4_ita_i	Pseudomonadota	dirty drain	0.4160878790082369
DD4_ita_i	Rhodothermota	dirty drain	1.1320668821891031e-5
DD4_ita_i	Spirochaetota	dirty drain	3.068263834431391e-4
DD4_ita_i	Synergistota	dirty drain	8.573090125617122e-5
DD4_ita_i	Thermodesulfobacteriota	dirty drain	9.008593435099834e-4
DD4_ita_i	Thermodesulfobiota	dirty drain	3.02153082434814e-6
DD4_ita_i	Thermomicrobiota	dirty drain	5.4387554838266515e-6
DD4_ita_i	Thermosulfidibacterota	dirty drain	3.222966212638016e-7
DD4_ita_i	Thermotogota	dirty drain	3.754352766946709e-4
DD4_ita_i	Unknown	dirty drain	0.0018657751404961476
DD4_ita_i	Verrucomicrobiota	dirty drain	8.419999230516817e-5
DD4_ita_i	Vulcanimicrobiota	dirty drain	2.417224659478512e-6
DS1_ita_i	Acidobacteriota	dirty surface	1.3284588274289447e-4
DS1_ita_i	Actinomycetota	dirty surface	0.2404421477449084
DS1_ita_i	Aquificota	dirty surface	1.1713996557132073e-5
DS1_ita_i	Armatimonadota	dirty surface	8.834578409010223e-6
DS1_ita_i	Atribacterota	dirty surface	2.3558875757360595e-6
DS1_ita_i	Bacillota	dirty surface	0.05891341884114545
DS1_ita_i	Bacteroidota	dirty surface	0.11487484510857206
DS1_ita_i	Balneolota	dirty surface	1.099414202010161e-5
DS1_ita_i	Bdellovibrionota	dirty surface	1.0732376733908716e-4
DS1_ita_i	Caldisericota	dirty surface	9.81619823223358e-7
DS1_ita_i	Calditrichota	dirty surface	3.20662475586297e-6
DS1_ita_i	Campylobacterota	dirty surface	0.07692961098733613
DS1_ita_i	Candidatus Absconditibacteriota	dirty surface	1.6360330387055967e-6
DS1_ita_i	Candidatus Bipolaricaulota	dirty surface	1.570591717157373e-6
DS1_ita_i	Candidatus Cloacimonadota	dirty surface	3.075742112766522e-6
DS1_ita_i	Candidatus Fervidibacterota	dirty surface	8.507371801269104e-7
DS1_ita_i	Candidatus Omnitrophota	dirty surface	2.486770218832507e-6
DS1_ita_i	Candidatus Saccharibacteria	dirty surface	2.2250049326396119e-4
DS1_ita_i	Chlamydiota	dirty surface	2.0548574966142297e-5
DS1_ita_i	Chlorobiota	dirty surface	3.488022438520332e-5
DS1_ita_i	Chloroflexota	dirty surface	2.4789172602467205e-4
DS1_ita_i	Chrysiogenota	dirty surface	8.96546105210667e-6
DS1_ita_i	Coprothermobacterota	dirty surface	2.552211540380731e-6
DS1_ita_i	Cyanobacteriota	dirty surface	4.125420910400033e-4
DS1_ita_i	Deferribacterota	dirty surface	1.4397090740609252e-5
DS1_ita_i	Deinococcota	dirty surface	7.479288639746506e-4
DS1_ita_i	Dictyoglomota	dirty surface	4.777216473020343e-6
DS1_ita_i	Elusimicrobiota	dirty surface	4.450009865279224e-6
DS1_ita_i	Fibrobacterota	dirty surface	8.049282550431537e-6
DS1_ita_i	Fusobacteriota	dirty surface	7.605590390334578e-4
DS1_ita_i	Gemmatimonadota	dirty surface	3.0168449233731205e-5
DS1_ita_i	Ignavibacteriota	dirty surface	2.5064026152969743e-5
DS1_ita_i	Kiritimatiellota	dirty surface	8.96546105210667e-6
DS1_ita_i	Lentisphaerota	dirty surface	1.7669156818020445e-6
DS1_ita_i	Mycoplasmatota	dirty surface	3.7596039229454613e-4
DS1_ita_i	Myxococcota	dirty surface	3.7072508657068825e-4
DS1_ita_i	Nitrospinota	dirty surface	3.010300791218298e-6
DS1_ita_i	Nitrospirota	dirty surface	1.740739153182755e-5
DS1_ita_i	Planctomycetota	dirty surface	3.604507990876171e-4
DS1_ita_i	Pseudomonadota	dirty surface	0.4999065170721684
DS1_ita_i	Rhodothermota	dirty surface	2.2250049326396116e-5
DS1_ita_i	Spirochaetota	dirty surface	2.6988001006487527e-4
DS1_ita_i	Synergistota	dirty surface	6.380528850951828e-5
DS1_ita_i	Thermodesulfobacteriota	dirty surface	0.002138884153482149
DS1_ita_i	Thermodesulfobiota	dirty surface	3.664714006700537e-6
DS1_ita_i	Thermomicrobiota	dirty surface	1.8061804747309788e-5
DS1_ita_i	Thermosulfidibacterota	dirty surface	7.852958585786865e-7
DS1_ita_i	Thermotogota	dirty surface	1.5575034528477282e-4
DS1_ita_i	Unknown	dirty surface	0.002149092999643672
DS1_ita_i	Verrucomicrobiota	dirty surface	1.346127984246965e-4
DS1_ita_i	Vulcanimicrobiota	dirty surface	5.23530572385791e-6
DS2_ita_i	Acidobacteriota	dirty surface	1.0962181424221338e-4
DS2_ita_i	Actinomycetota	dirty surface	0.3111682300542634
DS2_ita_i	Aquificota	dirty surface	1.5914759597461096e-5
DS2_ita_i	Armatimonadota	dirty surface	1.1520385678759152e-5
DS2_ita_i	Atribacterota	dirty surface	1.3658189206776314e-6
DS2_ita_i	Bacillota	dirty surface	0.14176511548830342
DS2_ita_i	Bacteroidota	dirty surface	0.08233726534785567
DS2_ita_i	Balneolota	dirty surface	4.928824800706235e-6
DS2_ita_i	Bdellovibrionota	dirty surface	5.1960502417083804e-5
DS2_ita_i	Caldisericota	dirty surface	2.019036665349542e-6
DS2_ita_i	Calditrichota	dirty surface	3.444239017360984e-6
DS2_ita_i	Campylobacterota	dirty surface	0.016205560260702766
DS2_ita_i	Candidatus Absconditibacteriota	dirty surface	1.0689017640085812e-6
DS2_ita_i	Candidatus Bipolaricaulota	dirty surface	1.6627360773466818e-6
DS2_ita_i	Candidatus Cloacimonadota	dirty surface	1.959653234015732e-6
DS2_ita_i	Candidatus Fervidibacterota	dirty surface	1.1282851953423913e-6
DS2_ita_i	Candidatus Omnitrophota	dirty surface	4.2162236247005146e-6
DS2_ita_i	Candidatus Saccharibacteria	dirty surface	9.246000258674227e-5
DS2_ita_i	Chlamydiota	dirty surface	2.2446937044180203e-5
DS2_ita_i	Chlorobiota	dirty surface	3.681772742696224e-5
DS2_ita_i	Chloroflexota	dirty surface	9.73888273874485e-5
DS2_ita_i	Chrysiogenota	dirty surface	9.62011587607723e-6
DS2_ita_i	Coprothermobacterota	dirty surface	3.503622448694794e-6
DS2_ita_i	Cyanobacteriota	dirty surface	3.601011276082242e-4
DS2_ita_i	Deferribacterota	dirty surface	2.8028979589558348e-5
DS2_ita_i	Deinococcota	dirty surface	7.812484226276052e-4
DS2_ita_i	Dictyoglomota	dirty surface	4.513140781369564e-6
DS2_ita_i	Elusimicrobiota	dirty surface	4.453757350035754e-6
DS2_ita_i	Fibrobacterota	dirty surface	9.121295052873226e-5
DS2_ita_i	Fusobacteriota	dirty surface	3.582008578055423e-4
DS2_ita_i	Gemmatimonadota	dirty surface	1.6508593910799198e-5
DS2_ita_i	Ignavibacteriota	dirty surface	3.12356848815841e-5
DS2_ita_i	Kiritimatiellota	dirty surface	9.56073244474342e-6
DS2_ita_i	Lentisphaerota	dirty surface	2.850404704022883e-6
DS2_ita_i	Mycoplasmatota	dirty surface	2.7821137579890013e-4
DS2_ita_i	Myxococcota	dirty surface	2.1431480368372052e-4
DS2_ita_i	Nitrospinota	dirty surface	3.859923036697654e-6
DS2_ita_i	Nitrospirota	dirty surface	2.00715997908278e-5
DS2_ita_i	Planctomycetota	dirty surface	2.4270008386128173e-4
DS2_ita_i	Pseudomonadota	dirty surface	0.44141343493125834
DS2_ita_i	Rhodothermota	dirty surface	2.1081118123502574e-5
DS2_ita_i	Spirochaetota	dirty surface	8.712737045296612e-4
DS2_ita_i	Synergistota	dirty surface	1.7613125733608064e-4
DS2_ita_i	Thermodesulfobacteriota	dirty surface	0.0012900456622956897
DS2_ita_i	Thermodesulfobiota	dirty surface	2.612870978687643e-6
DS2_ita_i	Thermomicrobiota	dirty surface	4.810057938038615e-6
DS2_ita_i	Thermosulfidibacterota	dirty surface	1.1876686266762012e-6
DS2_ita_i	Thermotogota	dirty surface	4.2281003109672765e-4
DS2_ita_i	Unknown	dirty surface	0.0012184292441071148
DS2_ita_i	Verrucomicrobiota	dirty surface	1.7844721115809923e-4
DS2_ita_i	Vulcanimicrobiota	dirty surface	3.444239017360984e-6
DS3_ita_i	Acidobacteriota	dirty surface	1.1809547697090755e-4
DS3_ita_i	Actinomycetota	dirty surface	0.2578579354506807
DS3_ita_i	Aquificota	dirty surface	1.1940018093476425e-5
DS3_ita_i	Armatimonadota	dirty surface	8.618953458204836e-6
DS3_ita_i	Atribacterota	dirty surface	2.1349701226745924e-6
DS3_ita_i	Bacillota	dirty surface	0.08779341111846578
DS3_ita_i	Bacteroidota	dirty surface	0.08671438140387254
DS3_ita_i	Balneolota	dirty surface	1.0556241162113263e-5
DS3_ita_i	Bdellovibrionota	dirty surface	1.1263944221296138e-4
DS3_ita_i	Caldisericota	dirty surface	8.302661588178971e-7
DS3_ita_i	Calditrichota	dirty surface	4.783914534141217e-6
DS3_ita_i	Campylobacterota	dirty surface	0.04545284179151827
DS3_ita_i	Candidatus Absconditibacteriota	dirty surface	1.7791417688954938e-6
DS3_ita_i	Candidatus Bipolaricaulota	dirty surface	1.620995833882561e-6
DS3_ita_i	Candidatus Cloacimonadota	dirty surface	2.0954336389213594e-6
DS3_ita_i	Candidatus Fervidibacterota	dirty surface	8.302661588178971e-7
DS3_ita_i	Candidatus Omnitrophota	dirty surface	2.3326525414407585e-6
DS3_ita_i	Candidatus Saccharibacteria	dirty surface	1.4751062088331305e-4
DS3_ita_i	Chlamydiota	dirty surface	2.103340935672006e-5
DS3_ita_i	Chlorobiota	dirty surface	4.546695631621817e-5
DS3_ita_i	Chloroflexota	dirty surface	1.2801913439296908e-4
DS3_ita_i	Chrysiogenota	dirty surface	9.725975003295366e-6
DS3_ita_i	Coprothermobacterota	dirty surface	2.1349701226745924e-6
DS3_ita_i	Cyanobacteriota	dirty surface	3.6547525581488764e-4
DS3_ita_i	Deferribacterota	dirty surface	1.6684396143864407e-5
DS3_ita_i	Deinococcota	dirty surface	8.569532853513295e-4
DS3_ita_i	Dictyoglomota	dirty surface	3.241991667765122e-6
DS3_ita_i	Elusimicrobiota	dirty surface	5.139742887920315e-6
DS3_ita_i	Fibrobacterota	dirty surface	1.3284258541086354e-5
DS3_ita_i	Fusobacteriota	dirty surface	6.794344732993124e-4
DS3_ita_i	Gemmatimonadota	dirty surface	2.091479990546036e-5
DS3_ita_i	Ignavibacteriota	dirty surface	2.225904035307029e-5
DS3_ita_i	Kiritimatiellota	dirty surface	7.90729675064664e-6
DS3_ita_i	Lentisphaerota	dirty surface	2.3326525414407585e-6
DS3_ita_i	Mycoplasmatota	dirty surface	2.8403009928322726e-4
DS3_ita_i	Myxococcota	dirty surface	3.460233058082969e-4
DS3_ita_i	Nitrospinota	dirty surface	4.625768599128284e-6
DS3_ita_i	Nitrospirota	dirty surface	2.1824139031784725e-5
DS3_ita_i	Planctomycetota	dirty surface	3.110730541704388e-4
DS3_ita_i	Pseudomonadota	dirty surface	0.5142914109282162
DS3_ita_i	Rhodothermota	dirty surface	1.767280823769524e-5
DS3_ita_i	Spirochaetota	dirty surface	3.051425816074538e-4
DS3_ita_i	Synergistota	dirty surface	6.926791953566456e-5
DS3_ita_i	Thermodesulfobacteriota	dirty surface	0.002073728109340834
DS3_ita_i	Thermodesulfobiota	dirty surface	2.8070903464795567e-6
DS3_ita_i	Thermomicrobiota	dirty surface	1.510293679373508e-5
DS3_ita_i	Thermosulfidibacterota	dirty surface	9.488756100775967e-7
DS3_ita_i	Thermotogota	dirty surface	2.1100621379100556e-4
DS3_ita_i	Unknown	dirty surface	0.0014592916153318373
DS3_ita_i	Verrucomicrobiota	dirty surface	1.3679623378618684e-4
DS3_ita_i	Vulcanimicrobiota	dirty surface	4.902523985400916e-6
DS4_ita_i	Acidobacteriota	dirty surface	1.1577159859671335e-4
DS4_ita_i	Actinomycetota	dirty surface	0.25031464397573305
DS4_ita_i	Aquificota	dirty surface	1.1389827175857883e-5
DS4_ita_i	Armatimonadota	dirty surface	7.980372330453056e-6
DS4_ita_i	Atribacterota	dirty surface	1.2738622499314736e-6
DS4_ita_i	Bacillota	dirty surface	0.07709860188372755
DS4_ita_i	Bacteroidota	dirty surface	0.08276927462237103
DS4_ita_i	Balneolota	dirty surface	7.268508131961938e-6
DS4_ita_i	Bdellovibrionota	dirty surface	8.208918204705467e-5
DS4_ita_i	Caldisericota	dirty surface	4.870649779149752e-7
DS4_ita_i	Calditrichota	dirty surface	3.70918713950635e-6
DS4_ita_i	Campylobacterota	dirty surface	0.04413449377688318
DS4_ita_i	Candidatus Absconditibacteriota	dirty surface	2.510257963100257e-6
DS4_ita_i	Candidatus Bipolaricaulota	dirty surface	1.1614626396434025e-6
DS4_ita_i	Candidatus Cloacimonadota	dirty surface	2.1355925954733528e-6
DS4_ita_i	Candidatus Fervidibacterota	dirty surface	1.685994154321068e-6
DS4_ita_i	Candidatus Omnitrophota	dirty surface	2.1355925954733528e-6
DS4_ita_i	Candidatus Saccharibacteria	dirty surface	9.981085393580723e-5
DS4_ita_i	Chlamydiota	dirty surface	1.5024081241838852e-5
DS4_ita_i	Chlorobiota	dirty surface	3.154682395418532e-5
DS4_ita_i	Chloroflexota	dirty surface	1.1876892153772858e-4
DS4_ita_i	Chrysiogenota	dirty surface	1.0078498389163719e-5
DS4_ita_i	Coprothermobacterota	dirty surface	1.573594544032997e-6
DS4_ita_i	Cyanobacteriota	dirty surface	3.4368054172415904e-4
DS4_ita_i	Deferribacterota	dirty surface	1.4349683580110424e-5
DS4_ita_i	Deinococcota	dirty surface	6.969150503228042e-4
DS4_ita_i	Dictyoglomota	dirty surface	3.1097225513033032e-6
DS4_ita_i	Elusimicrobiota	dirty surface	3.147189088065994e-6
DS4_ita_i	Fibrobacterota	dirty surface	2.5289912314816023e-5
DS4_ita_i	Fusobacteriota	dirty surface	5.527063503232088e-4
DS4_ita_i	Gemmatimonadota	dirty surface	2.1168593270920076e-5
DS4_ita_i	Ignavibacteriota	dirty surface	2.143085902825891e-5
DS4_ita_i	Kiritimatiellota	dirty surface	7.193575058436557e-6
DS4_ita_i	Lentisphaerota	dirty surface	1.8733268381345201e-6
DS4_ita_i	Mycoplasmatota	dirty surface	3.369365651068748e-4
DS4_ita_i	Myxococcota	dirty surface	3.2262434806352704e-4
DS4_ita_i	Nitrospinota	dirty surface	3.1097225513033032e-6
DS4_ita_i	Nitrospirota	dirty surface	1.9894731020988605e-5
DS4_ita_i	Planctomycetota	dirty surface	2.6646200945625416e-4
DS4_ita_i	Pseudomonadota	dirty surface	0.5381189041008023
DS4_ita_i	Rhodothermota	dirty surface	1.862086877105713e-5
DS4_ita_i	Spirochaetota	dirty surface	2.965851050134572e-4
DS4_ita_i	Synergistota	dirty surface	1.2154144525816766e-4
DS4_ita_i	Thermodesulfobacteriota	dirty surface	0.002198049312256758
DS4_ita_i	Thermodesulfobiota	dirty surface	2.0981260587106625e-6
DS4_ita_i	Thermomicrobiota	dirty surface	1.0902762197942907e-5
DS4_ita_i	Thermosulfidibacterota	dirty surface	7.493307352538081e-7
DS4_ita_i	Thermotogota	dirty surface	1.7909004572566012e-4
DS4_ita_i	Unknown	dirty surface	0.0014579353450465717
DS4_ita_i	Verrucomicrobiota	dirty surface	1.1914358690535547e-4
DS4_ita_i	Vulcanimicrobiota	dirty surface	3.072256014540613e-6
